date,aqi,pm2_5,pm10,co2_ppm,no2_ppb,ozone_ppb,city,category,temperature_c
2022-04-03 10:42:09.933476,82.4,12.56,16.21,406.5,11.0,44.6,London,Good,35.3
2022-11-09 08:39:00.377437,82.4,26.57,64.1,456.9,40.0,1.4,,,10.3
2022-09-23 07:10:03.293142,51.0,37.77,75.94,,19.5,63.9,New York,good,25.8
2023-01-19 20:47:38.108923,153.2,19.54,28.05,414.9,17.3,52.0,Mumbai,Very Unhealthy,30.6
2023-04-23 05:34:16.440558,102.8,48.97,104.2,392.7,95.6,12.9,Cairo,MODERATE,19.7
2021-02-27 23:59:37.472152,2.4,6.1,15.11,,21.4,6.0,Cairo,Good,33.1
2021-05-18 08:33:36.637684,2.0,71.06,139.82,452.2,3.0,10.4,New York,good,31.6
2022-06-13 01:21:26.592933,54.3,21.21,46.58,422.3,62.4,9.5,London,Unhealthy,20.2
2021-01-16 00:10:29.838081,75.4,11.44,,469.3,17.4,,Mumbai,,24.4
2021-08-22 13:28:24.529768,108.0,23.26,55.79,423.2,1.4,29.2,Toronto,Moderate,21.9
2023-01-28 17:59:08.859618,126.2,17.09,23.26,437.3,8.7,1.2,London,Very Unhealthy,48.4
2021-01-25 18:37:36.455021,67.6,12.45,26.35,454.8,32.5,,Cairo,Unhealthy,28.9
2022-10-05 19:42:04.135849,12.1,20.08,46.99,373.7,29.1,90.3,Mumbai,Hazardous,34.5
2022-02-16 03:43:12.173989,14.9,69.48,145.45,,13.4,10.7,Sydney,good,
2021-02-19 17:52:11.200807,3.0,14.17,30.94,400.3,153.9,46.7,Mumbai,good,4.2
2020-11-21 08:24:35.037508,12.3,35.42,55.42,,44.8,3.5,Toronto,Good,32.1
2023-04-20 16:05:04.119147,202.9,9.58,12.19,416.5,4.7,35.7,London,Very Unhealthy,22.7
2020-09-06 02:50:05.759105,140.6,6.62,10.53,412.3,46.9,46.9,London,Hazardous,19.7
2022-03-03 02:41:47.796047,76.1,28.11,69.88,390.6,4.4,12.4,Toronto,Very Unhealthy,33.7
2023-08-03 13:54:26.637095,54.3,37.4,88.41,479.3,72.9,56.2,Beijing,Good,19.8
2023-07-31 11:40:56.450697,11.2,34.95,83.46,397.3,10.0,54.2,Mumbai,Good,12.5
2023-09-19 09:57:04.267728,63.5,4.29,10.44,445.8,10.0,9.6,Mumbai,good,20.0
2020-01-28 16:01:11.475306,1.2,24.79,55.44,364.2,,24.8,Beijing,good,29.9
2022-06-03 23:37:49.712862,,43.36,58.19,416.1,108.7,48.3,Beijing,Moderate,20.3
2023-07-12 23:02:15.860586,95.5,26.58,55.05,384.0,,18.0,Los Angeles,Unhealthy,12.5
2022-11-16 06:26:44.715869,26.1,54.97,123.53,409.1,999.0,21.4,Toronto,Good,13.5
2021-05-21 00:53:24.929695,32.1,18.92,27.03,347.8,12.0,43.5,Los Angeles,Good,8.5
2022-01-22 19:48:03.692758,33.6,21.56,,408.7,94.2,44.5,London,Good,11.0
2020-07-01 20:58:16.421986,199.9,25.48,35.92,422.0,1.3,3.1,Mumbai,Hazardous,24.6
2021-06-01 14:43:08.291430,5.8,10.84,19.55,415.8,76.9,3.8,Los Angeles,Moderate,
2023-02-07 23:20:42.902280,,8.4,17.44,387.1,,6.1,Mumbai,Hazardous,7.5
2021-09-24 01:19:39.349934,49.1,22.93,31.04,401.9,0.7,34.5,Los Angeles,good,33.0
2020-02-03 05:11:29.461982,,999.0,1383.23,432.8,1.3,58.7,Toronto,MODERATE,19.1
2022-12-12 04:46:11.595145,14.4,90.06,167.51,378.0,1.5,16.8,New York,Moderate,23.9
2020-04-24 02:35:37.857760,31.9,5.71,7.37,352.1,,119.6,Beijing,good,25.5
2020-11-13 10:19:39.308396,,1.83,4.31,418.2,5.3,45.2,Sydney,Good,33.2
2023-03-07 08:16:35.097418,79.8,0.65,0.85,420.7,26.4,10.2,New York,Unhealthy,15.9
2023-10-29 15:58:53.613412,59.3,1.44,3.58,447.6,0.2,59.7,Mumbai,Very Unhealthy,24.3
2022-11-25 06:14:22.701661,139.2,68.62,115.84,386.4,63.0,71.8,Los Angeles,Hazardous,17.7
2023-09-05 14:04:30.153868,232.8,51.78,79.0,440.4,11.0,30.8,New York,Hazardous,34.0
2022-03-31 13:44:17.624402,120.1,70.85,146.91,423.5,3.0,23.2,New York,Unhealthy,17.1
2020-08-11 19:17:55.104940,2.9,42.34,86.48,459.1,36.2,16.6,New York,Moderate,19.2
2021-11-23 03:21:53.602044,53.3,1.22,1.76,401.6,6.8,33.3,Cairo,good,28.0
2022-08-01 15:09:54.020732,161.6,13.37,29.86,417.2,111.5,11.2,Cairo,Very Unhealthy,15.0
2023-10-26 16:24:18.669449,86.3,12.52,21.64,432.3,95.7,40.1,Mumbai,Moderate,9.5
2022-07-05 06:52:43.885531,84.6,44.93,90.1,434.0,11.7,3.6,Sydney,MODERATE,9.2
2020-06-20 13:03:56.564284,136.2,20.36,44.57,444.0,0.7,3.0,Los Angeles,Good,20.8
2023-09-28 01:57:55.818631,45.0,6.21,13.34,430.0,1.4,12.2,Toronto,MODERATE,13.6
2022-07-20 16:18:48.928264,1.2,23.16,27.93,435.3,37.4,35.5,Beijing,Very Unhealthy,24.4
,22.5,16.3,22.47,435.7,0.9,12.7,Los Angeles,Moderate,41.9
2022-07-08 00:08:27.799875,,11.83,,410.0,77.8,45.4,London,Moderate,14.2
,52.0,6.8,11.17,424.0,46.4,30.5,Cairo,Unhealthy,31.5
2023-03-10 01:24:38.864328,177.4,18.75,38.34,390.5,48.7,140.5,Sydney,Unhealthy,38.8
2022-09-20 15:20:29.933292,38.4,5.84,7.67,393.4,25.5,56.5,Mumbai,Very Unhealthy,23.1
2020-11-10 07:49:26.513256,19.8,29.86,51.37,391.7,4.3,57.3,Toronto,Good,
2022-08-13 20:58:26.160591,160.5,4.69,9.13,429.3,107.0,29.2,London,Hazardous,29.2
2023-05-13 22:41:02.650331,7.5,56.22,79.57,374.2,122.8,6.4,London,Unhealthy,
2023-11-30 08:16:41.889283,4.6,14.74,27.79,395.5,26.6,12.8,Toronto,Hazardous,28.4
2022-01-04 06:13:29.089947,56.1,64.92,130.23,389.0,1.4,123.7,New York,Very Unhealthy,33.3
2021-05-15 03:21:16.372786,73.7,3.13,4.22,480.7,,26.3,Mumbai,Unhealthy,26.8
2023-07-15 04:02:31.878190,3.0,5.68,8.08,429.8,23.6,18.2,Sydney,good,19.7
2023-09-06 21:08:47.713904,4.2,9.59,13.53,379.0,,60.4,Sydney,Good,
2023-02-15 11:55:22.465505,149.6,4.42,9.96,426.4,6.9,37.1,London,good,28.8
2021-08-01 11:32:44.036883,25.6,6.41,12.7,432.3,19.4,1.7,Beijing,good,36.5
2020-04-17 17:59:41.991070,39.0,10.47,15.75,398.9,58.3,33.7,Toronto,MODERATE,18.4
2021-12-08 11:46:53.853903,61.8,21.59,44.28,428.0,15.2,28.9,Sydney,Hazardous,22.9
2020-09-12 18:28:16.634872,142.5,24.2,40.5,423.3,48.0,89.0,Cairo,Moderate,12.4
2020-12-08 08:52:20.859196,370.9,0.55,0.81,366.4,,20.2,Beijing,MODERATE,18.2
2020-11-16 03:31:30.947508,86.4,,131.42,326.3,21.9,3.3,Los Angeles,Very Unhealthy,26.5
2023-09-30 09:14:56.496794,84.3,4.23,7.01,408.6,16.8,27.8,Los Angeles,Hazardous,38.0
2022-07-27 10:57:37.073678,77.8,5.27,10.78,390.5,2.1,62.0,Mumbai,MODERATE,22.0
2020-10-07 21:33:02.975794,7.3,,,416.7,2.5,8.9,Sydney,Very Unhealthy,14.1
2022-09-19 14:51:12.788691,25.7,0.78,,359.8,4.8,,London,Unhealthy,19.9
2022-09-15 13:04:56.734029,7.7,22.96,45.94,414.4,11.4,3.7,Los Angeles,good,
2023-10-03 19:17:33.186203,15.5,62.58,150.01,,63.8,87.7,Sydney,good,25.6
2022-10-24 21:31:25.963771,26.8,21.54,49.63,416.7,10.1,9.8,London,Hazardous,26.2
2022-11-19 23:10:24.735207,92.2,50.22,99.21,451.6,2.6,-5.0,Sydney,Moderate,33.3
,64.7,,71.47,403.4,52.9,,Mumbai,,26.1
2021-10-22 10:25:28.975600,-50.0,3.56,7.22,429.2,83.0,54.6,Toronto,,13.5
2020-05-10 16:51:02.534456,36.5,22.21,50.43,431.4,24.5,148.5,Toronto,Moderate,15.6
2023-04-06 19:25:01.519901,7.5,5.19,12.41,436.7,18.2,31.9,Mumbai,,32.1
2022-07-28 20:59:25.016572,170.2,14.84,19.1,412.1,13.0,9.6,London,Good,17.1
2021-07-02 19:38:05.990038,113.3,21.98,30.08,408.5,9.1,24.8,Sydney,Unhealthy,
2022-02-06 17:19:51.012087,34.3,37.47,64.69,362.6,34.7,21.4,Mumbai,MODERATE,16.0
2021-01-15 06:48:01.926898,37.1,29.58,66.66,394.2,1.2,61.0,Beijing,Moderate,33.5
2020-02-19 01:19:06.718973,38.8,7.21,16.01,,65.9,11.7,Toronto,Unhealthy,13.8
2021-11-30 22:26:07.002275,46.6,14.1,34.58,416.2,14.2,,New York,Moderate,14.9
2022-12-11 01:23:53.087154,6.4,,98.37,404.3,54.3,11.5,Los Angeles,Hazardous,10.6
2020-12-20 05:32:55.171745,66.2,4.79,7.26,433.1,6.5,40.1,Mumbai,Good,
2022-05-23 08:43:46.628382,30.9,5.34,8.58,397.3,26.2,19.6,Sydney,Hazardous,23.8
2022-06-06 15:56:10.615352,37.1,19.98,,383.0,30.2,58.1,Mumbai,good,27.2
2023-10-18 05:32:53.628602,80.8,73.3,167.27,375.4,72.0,59.8,Beijing,Very Unhealthy,23.0
2020-07-20 17:43:27.413661,27.0,21.15,29.64,403.6,18.4,70.6,Beijing,Unhealthy,34.3
2022-01-15 15:48:05.089706,99.8,39.31,56.75,425.8,27.8,80.0,,Moderate,25.6
2022-04-18 11:59:35.647798,72.0,10.43,12.81,355.0,3.5,,,MODERATE,20.4
2023-09-30 11:22:30.473673,91.5,28.24,34.35,388.8,78.6,8.4,New York,Moderate,30.4
2020-07-19 05:02:36.249977,35.3,8.93,12.27,416.8,45.6,2.3,London,Unhealthy,27.9
2020-02-08 09:37:23.217618,18.9,5.28,12.41,416.7,35.7,14.8,Cairo,Very Unhealthy,10.3
2023-03-27 11:58:45.136295,161.4,56.23,114.01,415.0,36.9,10.8,New York,Moderate,17.2
,,29.74,44.11,441.0,10.8,37.3,Mumbai,Hazardous,40.5
2021-08-30 13:12:38.374129,0.2,8.13,18.36,,19.1,11.3,Toronto,Unhealthy,31.2
2021-04-01 21:02:09.546413,15.6,,,412.5,93.4,24.8,Cairo,Hazardous,12.4
2023-03-05 14:10:12.011308,242.1,0.43,0.91,437.5,4.0,3.9,Cairo,Hazardous,34.5
2020-01-14 12:56:38.384110,50.1,43.81,66.92,395.8,1.3,38.6,Los Angeles,Hazardous,41.4
2022-01-22 00:18:42.346125,15.6,48.1,99.03,456.7,5.2,46.5,Beijing,Hazardous,37.1
2020-01-08 13:40:56.052550,27.5,53.19,86.24,411.7,16.6,6.8,Sydney,MODERATE,37.6
,176.0,22.76,51.39,414.7,6.5,,Cairo,Hazardous,30.5
2020-08-21 07:42:32.230555,17.6,24.66,33.22,430.4,42.0,6.1,Mumbai,good,18.6
2023-03-01 07:28:38.587465,307.2,26.27,40.52,451.9,51.7,6.0,Mumbai,Very Unhealthy,13.8
2022-03-20 10:12:27.633853,11.3,8.15,16.11,413.3,98.6,800.0,Cairo,Moderate,11.4
2021-11-18 21:06:56.475706,190.1,50.24,67.48,461.9,73.6,68.9,Beijing,good,24.3
2022-09-19 02:37:55.069000,46.5,,15.31,379.4,3.1,22.2,London,good,14.9
2020-10-27 02:11:51.680227,50.7,2.18,3.42,399.1,28.3,20.0,London,,20.0
2022-09-11 10:20:50.444425,70.2,3.64,8.25,2000.0,26.2,31.9,Toronto,good,12.9
,44.4,22.05,41.45,362.5,0.6,8.3,London,good,15.9
2020-04-29 14:42:01.534244,16.7,26.71,56.35,382.7,2.5,107.2,Cairo,Unhealthy,4.6
2022-09-10 23:35:56.447079,35.6,25.24,47.99,-100.0,25.6,2.6,Sydney,Hazardous,26.8
2022-02-07 00:59:32.787490,136.2,53.31,114.47,475.7,18.4,53.8,Beijing,good,32.0
,268.6,2.76,5.79,374.8,0.3,22.9,,Good,16.2
2022-06-10 07:43:30.733972,50.5,7.3,15.8,425.0,14.0,36.1,Beijing,MODERATE,26.8
2023-02-06 05:37:43.646029,100.7,1.49,1.96,400.9,77.1,48.4,Beijing,MODERATE,31.0
2020-08-13 06:40:03.985914,40.3,28.53,47.23,366.1,231.2,11.6,Beijing,Moderate,18.9
2022-11-28 21:20:33.841081,25.5,2.71,5.48,416.3,44.6,1.4,Toronto,good,200.0
2021-08-10 17:01:56.139001,3.7,0.91,2.18,452.4,32.8,53.2,Sydney,Good,0.3
2022-04-08 17:51:58.022692,23.8,2.43,3.99,420.5,9.1,36.6,Toronto,Good,39.2
2021-02-21 05:28:03.502589,32.6,9.82,22.21,385.2,15.4,,Cairo,Very Unhealthy,
2022-11-01 11:15:09.262267,30.6,11.97,27.3,434.6,60.8,4.2,New York,Moderate,
2022-02-26 22:01:28.034583,91.1,19.89,36.86,402.7,29.8,16.7,Mumbai,good,19.8
2020-10-29 19:59:18.955619,116.3,18.74,30.52,384.5,2.2,,London,MODERATE,36.4
2023-01-08 00:05:55.684588,64.7,23.23,39.97,416.5,61.2,0.8,Sydney,Moderate,23.6
2023-07-07 08:12:15.583589,26.6,16.83,24.82,397.1,2.1,5.2,Sydney,Hazardous,19.2
,59.3,43.97,90.81,390.9,39.6,4.4,Cairo,good,1.0
,66.9,0.47,0.78,442.7,50.9,53.4,Sydney,Very Unhealthy,22.7
2020-06-26 07:27:11.249535,51.0,3.42,7.53,523.5,1.4,57.9,Cairo,Good,37.1
2020-04-03 03:40:39.209873,73.2,8.74,21.65,355.3,63.6,8.0,New York,Moderate,32.9
2020-07-19 13:20:19.993702,16.9,5.95,9.6,431.3,7.1,,Cairo,Moderate,31.5
2022-04-04 06:00:43.480069,140.7,0.27,0.37,,73.7,48.4,,Unhealthy,7.6
2021-09-04 12:15:08.443853,38.5,13.53,28.95,366.7,38.3,31.8,Beijing,Very Unhealthy,46.6
2021-08-20 08:30:36.855238,15.0,38.15,71.28,417.0,1.1,20.2,Toronto,MODERATE,20.1
2020-03-25 08:28:56.951824,250.1,46.11,80.13,433.1,4.2,23.1,Cairo,Moderate,42.2
2023-01-25 12:39:01.469266,49.6,,46.64,411.7,17.7,2.1,London,Good,29.4
2020-06-05 18:23:29.116620,30.1,30.84,40.37,440.2,2.5,104.1,Los Angeles,Moderate,26.2
2022-08-28 05:48:26.715621,125.1,6.42,15.81,425.7,1.6,24.5,Sydney,Hazardous,16.8
2021-08-15 07:31:41.221645,2.8,3.9,7.94,388.6,28.3,10.3,Toronto,Very Unhealthy,36.2
2023-08-25 14:43:17.683102,34.5,13.4,20.29,442.5,13.5,,London,,23.5
2022-08-25 12:19:13.818662,34.4,1.02,1.34,346.2,11.7,5.7,London,Hazardous,19.9
2023-02-28 17:38:27.614986,54.6,26.33,37.02,461.0,2.3,33.7,Los Angeles,Moderate,-3.2
2021-08-08 05:59:38.253341,97.0,31.56,39.17,385.7,9.6,3.8,Los Angeles,Moderate,29.1
2021-04-17 18:46:08.255508,100.0,0.44,0.57,384.2,,96.1,London,Good,-100.0
2020-03-31 18:19:39.252914,116.8,4.56,10.57,406.0,12.1,26.2,Toronto,Unhealthy,23.3
2021-12-06 13:58:37.576210,85.7,0.11,0.23,402.9,19.1,10.6,London,good,16.3
2020-12-10 02:19:01.949638,12.4,20.88,31.67,416.3,10.8,8.6,Cairo,Unhealthy,22.1
,73.7,13.7,18.49,445.2,14.1,92.5,London,Moderate,23.1
2023-07-04 22:07:20.783546,98.5,17.15,31.66,347.5,20.6,83.1,Mumbai,Very Unhealthy,9.0
2021-01-10 20:44:08.737324,9.7,25.23,32.4,397.9,8.6,7.4,New York,MODERATE,14.1
2023-01-06 05:43:23.657034,23.2,68.81,129.17,,8.3,13.6,Beijing,good,20.3
2023-09-26 03:16:11.787468,18.0,,191.15,406.8,23.1,31.2,Toronto,Good,
2023-04-17 22:18:37.354120,111.9,999.0,2473.56,369.1,67.9,29.7,Beijing,good,38.0
2021-09-24 01:19:39.349934,49.1,22.93,31.04,401.9,0.7,34.5,Los Angeles,good,33.0
2021-12-24 18:08:27.512484,20.6,-5.0,-6.58,482.5,10.3,0.8,Beijing,Good,30.2
2022-02-25 20:41:46.740912,219.8,,17.0,435.0,45.6,31.6,Los Angeles,Hazardous,21.6
2022-02-16 17:57:49.661163,57.0,17.15,26.32,382.4,19.5,2.0,Toronto,MODERATE,42.0
2020-07-27 14:25:09.403191,123.6,25.49,54.11,470.8,7.7,5.3,Los Angeles,Hazardous,27.6
2021-02-26 05:38:27.866101,448.5,73.74,164.1,393.3,0.6,5.2,London,Unhealthy,0.8
2021-06-18 15:13:38.383232,323.1,27.79,41.13,400.6,31.3,9.5,Toronto,good,17.8
2021-03-26 18:39:48.465923,1.2,9.59,14.59,,1.4,17.4,Toronto,,33.6
2023-10-25 20:16:37.277658,22.7,,2.77,423.8,8.9,86.2,Toronto,Moderate,20.0
2021-07-19 09:19:31.777308,78.8,11.6,21.06,408.8,0.4,42.7,New York,good,32.7
2021-10-14 00:07:13.488205,47.4,42.35,,428.8,3.9,50.9,New York,Moderate,19.2
2023-08-27 05:29:13.563195,139.9,15.26,30.53,440.0,55.7,39.3,New York,Good,15.3
2023-02-17 19:44:43.999984,12.4,3.36,7.88,369.7,0.6,59.6,New York,Moderate,34.6
2021-04-11 22:01:32.307288,11.0,8.24,13.68,415.7,0.7,59.1,Los Angeles,Hazardous,42.7
2020-08-25 09:41:55.758096,140.0,8.74,20.74,401.1,37.9,,Mumbai,MODERATE,19.0
2023-04-17 21:34:21.735703,82.6,66.85,159.36,488.6,7.6,6.3,Mumbai,good,36.6
2023-01-21 19:03:57.161140,22.9,9.7,23.66,420.8,58.9,,Cairo,Good,17.8
2021-03-10 19:33:25.620730,65.1,54.24,,422.9,103.6,17.9,Beijing,Good,33.3
2020-04-10 20:05:14.427474,51.6,8.43,20.12,402.5,30.9,11.9,Beijing,Moderate,17.9
2021-07-13 08:24:24.266935,1.0,2.45,5.91,449.6,5.5,94.2,London,Very Unhealthy,40.0
2022-11-15 12:40:34.332897,26.5,40.99,72.56,429.5,60.1,18.5,Mumbai,Hazardous,17.7
2020-10-22 05:18:45.376134,,6.41,15.12,372.6,,37.3,Mumbai,MODERATE,41.0
2020-10-25 01:51:46.611313,19.4,7.18,11.51,413.9,37.1,22.7,Beijing,Moderate,18.4
2022-08-01 15:45:52.534455,29.4,60.7,,422.1,13.6,38.0,Sydney,Good,33.4
2023-09-25 03:33:04.371040,64.8,32.37,72.97,,49.6,72.4,Mumbai,Good,8.3
2021-04-03 07:18:47.662363,85.3,24.57,33.03,413.8,13.9,2.8,Sydney,Unhealthy,4.9
2021-07-08 17:35:48.897482,16.3,22.84,44.8,452.6,3.8,12.6,Cairo,Unhealthy,18.6
2021-10-12 07:22:43.904357,249.3,1.59,3.69,424.1,36.4,2.7,Cairo,Moderate,16.6
2023-12-03 00:20:56.690290,78.4,5.01,9.6,352.8,13.3,4.3,Toronto,Hazardous,28.7
2022-11-22 11:23:53.771612,180.5,18.23,26.77,369.7,14.8,13.8,Toronto,good,32.9
2021-04-11 05:28:45.987025,12.0,87.34,190.41,441.8,25.5,2.7,London,Good,17.0
2022-06-18 01:35:40.927795,,0.04,0.09,,36.3,103.5,Beijing,Unhealthy,6.3
2022-06-03 02:35:26.394965,38.4,7.9,19.44,441.8,4.7,26.7,,Hazardous,24.0
2023-01-23 20:58:54.746533,5.3,9.08,13.22,415.0,56.0,15.6,Beijing,Very Unhealthy,27.5
2022-08-09 07:13:17.509998,13.8,37.87,91.7,,84.7,44.8,Los Angeles,Hazardous,9.8
2020-03-07 04:02:29.914254,23.8,0.33,0.45,408.2,71.7,63.4,Cairo,Very Unhealthy,35.6
2023-08-31 11:11:45.058080,17.2,4.45,,415.2,40.9,49.7,Sydney,MODERATE,20.1
2023-12-16 01:28:34.775634,108.4,5.88,13.8,376.5,42.5,25.3,London,Hazardous,35.0
,338.4,0.36,0.82,378.8,37.8,88.5,Los Angeles,MODERATE,42.0
2022-02-23 22:25:53.641414,51.8,1.94,3.61,409.8,17.8,49.5,Los Angeles,Good,27.7
2023-06-29 15:36:27.686929,7.7,45.24,,419.5,47.0,64.1,Beijing,Very Unhealthy,17.7
2023-09-27 10:12:40.536366,49.3,1.88,2.26,371.0,20.7,39.7,Mumbai,Good,26.6
2022-12-04 17:55:44.500728,406.5,1.21,,434.7,125.2,7.1,London,Very Unhealthy,
,61.2,23.75,46.52,383.8,16.5,91.7,Mumbai,Moderate,37.2
2022-09-27 18:31:07.880466,59.0,18.63,46.11,369.9,10.2,37.5,Cairo,Hazardous,10.8
2020-07-14 03:27:20.804215,46.0,17.66,27.85,401.3,133.1,,London,MODERATE,18.0
2022-11-02 08:01:18.822019,13.3,38.38,83.18,447.7,21.2,18.5,Los Angeles,MODERATE,17.2
2020-08-06 22:25:26.042854,69.3,136.65,200.24,378.4,24.4,62.7,New York,MODERATE,23.2
2022-10-02 05:33:45.308786,70.3,4.45,9.66,453.4,15.5,6.2,Toronto,Hazardous,26.5
2023-07-06 16:47:41.126892,193.3,10.11,19.1,389.9,,,New York,good,4.5
2020-04-08 05:28:14.312675,142.2,44.02,56.28,436.4,20.7,1.5,London,good,36.5
2023-08-19 11:54:05.475981,141.3,4.64,10.65,397.3,2.9,24.2,Sydney,Moderate,17.8
2022-10-25 04:51:19.484875,179.1,17.06,33.69,392.5,1.0,13.7,Sydney,MODERATE,30.5
,15.6,12.76,15.36,443.1,1.9,12.6,London,Good,12.8
2020-05-05 23:03:34.735116,39.9,,85.07,440.8,78.8,0.1,Los Angeles,good,20.7
2023-12-16 01:47:01.749087,73.3,40.56,63.84,443.4,1.9,35.0,Mumbai,Good,26.2
2022-04-23 22:10:20.843694,78.5,12.93,26.8,380.8,4.6,51.2,Sydney,,31.2
2023-03-24 21:40:47.719081,58.1,13.94,32.18,390.5,30.0,44.2,Toronto,MODERATE,23.4
2020-06-13 20:47:03.889347,6.3,,92.37,413.2,8.4,34.8,Cairo,Moderate,20.5
2022-05-02 12:39:36.671034,0.9,26.32,35.0,347.7,1.0,13.4,Beijing,Moderate,16.1
2023-01-19 22:05:16.432299,28.5,5.36,11.64,427.7,8.7,5.8,Beijing,good,33.3
2020-06-14 17:57:43.746051,72.9,13.47,27.66,440.8,118.4,125.5,London,Unhealthy,23.2
2021-04-03 09:25:16.039714,110.4,7.48,16.11,441.3,,8.5,Los Angeles,good,33.8
2021-03-27 20:58:10.989904,33.7,25.38,38.16,390.3,15.2,6.7,Beijing,Moderate,10.5
2020-03-23 11:09:13.118751,87.0,11.61,14.38,424.8,9.5,24.3,New York,Good,
2020-05-12 20:46:40.155794,33.9,42.29,65.19,388.7,37.6,31.1,Cairo,Good,18.0
2020-10-29 22:13:46.355202,66.0,38.68,73.84,377.8,65.6,78.5,Beijing,Hazardous,33.8
2022-08-24 21:05:36.804593,91.3,70.14,95.41,380.0,64.6,24.7,Cairo,good,28.4
2022-09-21 13:00:28.253005,162.5,49.46,113.06,500.9,,20.4,London,MODERATE,14.3
2021-01-01 03:13:28.394921,,27.74,64.92,394.0,3.3,46.5,Sydney,Moderate,40.7
2021-06-25 08:37:17.415967,20.2,9.56,18.01,443.2,53.4,6.6,Toronto,good,19.5
2021-03-30 08:07:50.815775,16.5,9.29,22.81,332.5,13.5,0.9,Beijing,Very Unhealthy,14.7
2020-06-22 13:59:22.544116,19.6,15.33,25.62,423.2,29.6,55.1,Toronto,Very Unhealthy,24.8
2020-03-07 10:04:21.614187,148.9,71.92,153.58,426.2,0.5,41.1,Cairo,Very Unhealthy,30.8
2020-10-08 16:44:19.928662,183.6,19.7,25.1,430.0,54.9,15.1,New York,MODERATE,10.2
2022-06-16 23:13:36.169377,77.9,50.58,117.91,443.3,68.1,90.5,Toronto,Hazardous,15.7
,44.3,16.39,33.69,396.9,43.6,28.8,Cairo,Very Unhealthy,13.0
2020-10-17 19:45:56.011518,83.1,6.19,13.53,451.3,13.6,174.0,Beijing,Moderate,27.5
2020-10-20 15:10:32.645907,35.2,8.25,15.57,404.1,,38.5,New York,Moderate,12.5
2020-06-22 13:59:22.544116,19.6,15.33,25.62,423.2,29.6,55.1,Toronto,Very Unhealthy,24.8
2020-03-07 04:31:00.303259,5000.0,24.0,-10.0,415.6,11.5,,,Unhealthy,21.3
2021-08-17 11:48:10.371743,46.1,2.53,4.67,388.8,14.6,134.6,New York,MODERATE,40.0
2020-02-11 10:53:16.726870,199.9,14.11,17.78,332.4,14.4,0.5,Los Angeles,Moderate,15.6
2022-04-22 15:54:23.257882,375.9,80.98,112.75,437.8,20.6,69.9,Sydney,MODERATE,18.9
2021-03-16 21:04:05.354026,45.1,2.78,3.97,417.3,15.6,69.4,London,,10.3
2022-03-15 18:42:12.213002,13.9,0.5,0.88,397.0,17.1,45.8,Cairo,Hazardous,20.2
2021-06-22 23:30:03.985685,65.9,4.71,7.18,439.3,18.4,15.3,Sydney,MODERATE,22.1
2022-01-23 03:41:34.771240,42.8,56.28,107.46,369.2,129.5,31.6,New York,MODERATE,20.2
2021-05-10 09:41:13.047132,44.2,52.64,87.61,434.3,7.7,44.6,Cairo,,24.7
2020-03-31 23:49:51.646116,72.1,21.68,30.22,431.6,0.1,78.7,New York,good,21.8
2023-04-25 03:08:20.505153,166.0,60.18,,449.2,9.2,35.5,Toronto,Good,32.3
2020-02-16 02:59:18.527378,34.6,35.19,71.23,422.5,128.6,69.5,Mumbai,Unhealthy,35.7
2022-12-10 19:42:11.782031,28.7,74.51,158.32,2000.0,,7.3,New York,Unhealthy,15.2
2021-12-18 15:26:37.127018,262.2,8.89,14.0,442.1,6.6,139.5,Cairo,Moderate,48.5
2021-12-31 14:43:53.798883,30.7,6.46,15.21,439.7,0.0,17.2,New York,Good,22.5
2021-10-19 09:54:20.577338,90.5,12.27,22.19,368.7,42.5,41.2,Beijing,Hazardous,20.6
2021-04-24 03:47:40.133497,37.3,27.29,37.12,392.4,14.9,21.5,Toronto,Good,9.9
2022-01-13 19:52:18.872111,22.7,18.06,35.72,443.3,12.9,8.5,London,Hazardous,34.6
2022-06-05 07:56:07.639954,19.3,13.93,23.42,401.8,95.3,13.1,Cairo,Unhealthy,16.1
2020-06-13 13:50:45.702278,40.1,1.72,3.05,394.9,35.2,31.0,Cairo,Hazardous,8.4
2022-08-12 19:31:10.657032,44.9,,8.23,397.1,27.0,77.8,Beijing,,4.6
2021-10-08 07:28:33.551142,7.9,20.07,31.65,468.8,-10.0,14.9,Mumbai,MODERATE,47.5
2021-04-14 05:25:27.505583,24.5,15.14,36.06,375.9,19.5,,London,,22.0
2021-03-13 23:51:22.903029,23.7,31.42,67.21,464.3,38.7,62.5,New York,Good,13.3
2022-01-13 07:00:41.215650,69.7,11.72,2000.0,406.6,78.3,19.3,Toronto,Hazardous,23.0
2022-01-08 10:54:16.745275,26.4,,39.85,402.3,4.8,2.6,Beijing,Very Unhealthy,20.6
2020-06-09 13:22:35.616161,293.2,6.38,8.83,428.9,23.7,,Toronto,Good,27.5
2022-12-25 14:53:18.189653,257.1,17.59,34.66,434.5,9.0,21.7,New York,Unhealthy,24.7
2023-06-18 05:08:32.065206,12.9,1.76,2.74,381.7,38.7,91.4,Cairo,Moderate,-0.6
2023-10-06 15:51:35.215629,27.7,22.95,52.82,440.9,49.2,5.3,Los Angeles,Moderate,17.2
2022-01-06 04:36:14.570153,171.6,1.1,2.59,433.0,59.4,32.2,Sydney,Very Unhealthy,
2023-03-21 15:35:07.581913,20.7,2.54,5.79,450.7,54.5,36.1,Beijing,Good,17.5
2020-04-04 21:01:25.831468,105.5,1.26,1.71,420.1,66.9,138.6,Beijing,Hazardous,40.6
2021-05-24 14:26:04.200700,277.4,5.05,6.94,433.3,23.6,,Mumbai,Hazardous,
2022-12-28 10:34:27.587487,64.7,9.8,15.65,431.1,65.4,51.9,New York,good,19.9
2022-07-23 17:44:03.621525,11.3,68.84,125.27,406.0,20.5,98.5,Mumbai,Very Unhealthy,21.6
2023-06-11 14:17:51.190114,153.1,2.64,6.11,431.2,14.3,56.8,Los Angeles,Moderate,40.3
2023-11-12 17:06:08.722747,1000.0,29.74,50.13,,11.2,31.2,Beijing,Moderate,28.4
2020-06-21 17:26:09.828234,130.4,15.09,21.5,340.7,27.3,43.0,Cairo,Good,19.0
2023-08-23 13:12:54.246533,,9.71,14.96,439.7,15.6,71.2,Mumbai,Unhealthy,20.9
,4.2,8.8,14.73,430.4,10.5,50.7,Mumbai,Unhealthy,20.9
2020-03-14 20:08:55.492340,,31.13,77.6,416.7,30.8,26.7,Beijing,Moderate,14.1
2020-06-28 04:09:30.821907,142.1,13.52,30.16,421.4,23.9,3.6,Mumbai,MODERATE,45.5
2023-11-13 07:54:00.049291,128.0,23.37,32.35,366.0,4.4,2.3,Los Angeles,,24.4
2020-05-08 06:17:40.365946,58.1,,,401.9,46.6,57.5,Mumbai,,30.1
2022-11-18 20:16:02.612944,55.5,8.81,14.14,410.5,51.3,57.1,New York,Moderate,22.1
2020-08-28 13:32:09.057362,4.0,3.38,2000.0,414.7,,35.0,Beijing,Good,23.8
2023-07-31 18:25:49.869253,67.3,56.14,70.04,448.7,8.3,10.9,,Moderate,37.4
2021-05-18 08:03:58.574014,43.3,2.72,6.42,432.4,,7.2,,MODERATE,24.8
2022-11-22 03:09:10.713069,224.5,16.61,28.84,402.3,8.0,48.4,Mumbai,MODERATE,35.8
2021-11-24 09:01:52.560042,79.2,3.93,7.95,431.5,89.2,54.5,Toronto,Good,25.7
2021-03-17 03:25:44.122608,6.3,1.92,4.5,399.1,0.2,3.4,Los Angeles,Hazardous,24.5
2023-12-21 13:31:25.581503,5.7,,1.55,397.5,,22.7,,good,38.2
2020-09-03 09:02:57.331973,56.5,29.35,37.94,443.7,15.5,52.0,Los Angeles,good,22.8
2021-04-08 04:43:00.059976,18.7,1.24,2.78,440.2,,3.7,Sydney,good,
2023-02-11 09:51:47.003921,38.4,5.12,10.46,421.4,20.1,15.9,Toronto,Moderate,13.7
2020-03-31 05:29:03.046299,0.7,6.22,7.51,,117.8,42.5,Beijing,Hazardous,7.6
,18.4,0.5,1.0,422.5,24.1,36.8,Cairo,Good,13.3
2021-07-12 19:15:55.279456,140.1,22.7,48.22,409.0,34.8,11.2,Beijing,Hazardous,14.5
2023-07-31 11:40:56.450697,11.2,34.95,83.46,397.3,10.0,54.2,Mumbai,Good,12.5
2022-09-04 18:47:14.078279,34.0,45.4,84.04,407.7,9.7,,Cairo,Hazardous,13.2
2021-10-14 16:46:15.898572,56.9,1.12,1.71,441.2,40.1,31.9,Mumbai,Good,8.6
2020-09-29 00:53:02.975663,15.7,22.62,29.62,,13.6,2.4,London,Hazardous,17.6
2021-12-28 23:10:58.680439,11.8,1.8,3.67,380.8,5.4,62.7,New York,Moderate,24.3
2020-05-21 10:36:13.627381,83.7,0.01,0.02,431.8,41.8,12.9,Mumbai,Very Unhealthy,31.0
2021-02-27 05:02:49.106729,,11.07,15.49,-100.0,174.7,3.3,Mumbai,Hazardous,17.4
2023-11-09 06:40:54.694818,26.3,13.19,27.37,402.2,50.5,35.7,London,Moderate,26.5
2022-10-14 02:33:01.749168,96.5,0.98,,375.5,7.5,12.3,Cairo,Moderate,28.5
2020-05-06 17:22:23.383065,3.3,6.26,8.1,403.1,48.2,13.8,Mumbai,Moderate,18.7
2020-06-18 19:50:24.496379,176.4,4.54,6.49,426.4,,11.1,Toronto,Good,30.6
2023-05-20 21:49:10.101537,3.9,8.31,14.0,351.9,19.4,4.8,Toronto,Moderate,23.6
2021-02-24 05:28:13.074089,42.9,17.23,33.62,416.1,49.8,47.7,New York,Moderate,
2021-01-17 10:56:14.596310,13.6,5.87,7.66,426.5,68.1,80.2,Los Angeles,Hazardous,35.9
2023-12-07 03:41:51.726627,189.5,33.72,75.18,350.5,31.3,34.3,Los Angeles,good,24.1
2022-02-14 20:26:19.665567,50.3,32.12,66.47,394.5,14.2,10.6,London,Unhealthy,10.5
2022-01-08 12:23:53.285390,27.4,10.3,14.1,396.9,23.3,,London,MODERATE,35.6
2021-11-01 11:22:37.244203,8.3,8.89,18.5,450.1,3.9,84.2,Cairo,good,27.7
2020-06-30 09:35:07.922710,119.5,6.63,9.97,358.1,32.4,78.7,Mumbai,Very Unhealthy,24.8
2022-06-03 01:02:42.284271,166.1,22.06,27.76,,29.4,34.2,Sydney,Moderate,19.9
2020-09-22 20:21:19.512230,373.5,19.38,25.87,374.4,4.6,0.0,Sydney,Very Unhealthy,45.8
2022-06-04 17:55:08.247241,26.5,21.7,42.16,434.1,31.3,2.9,Sydney,Hazardous,6.3
2021-07-15 05:49:47.142841,73.4,3.16,5.76,429.8,53.2,97.2,London,,18.4
2022-03-15 01:33:44.519387,10.3,3.77,9.09,400.8,8.3,12.9,Mumbai,Very Unhealthy,22.2
2020-10-28 02:02:45.558801,,9.85,15.46,471.8,23.3,16.4,Sydney,Moderate,16.0
2023-10-07 16:30:26.721448,15.9,0.5,0.7,404.7,19.7,14.8,Toronto,Very Unhealthy,11.4
2021-12-30 02:28:38.720757,10.5,32.17,52.96,383.0,36.4,42.3,Toronto,good,13.0
2020-04-16 14:43:34.198750,26.0,24.9,40.32,447.2,20.0,16.5,Mumbai,Moderate,7.3
,191.1,21.72,32.56,401.5,18.0,1.2,Mumbai,Moderate,32.1
2022-08-20 09:48:34.100380,81.2,37.99,56.84,366.4,7.4,61.3,Toronto,Unhealthy,16.4
2020-09-17 17:59:57.578640,10.3,12.23,19.85,416.9,22.5,13.1,Mumbai,good,39.7
2022-04-24 21:54:22.312908,153.4,133.7,194.46,394.2,11.5,15.6,London,Good,22.7
2022-05-07 08:37:28.566793,12.6,37.46,53.65,381.7,31.6,12.2,,Good,5.1
2020-09-10 00:28:06.636480,34.9,22.34,36.73,379.7,30.9,6.7,Sydney,Very Unhealthy,21.3
2020-02-03 20:39:13.394369,59.2,,54.13,422.5,32.5,22.5,Mumbai,MODERATE,11.1
2021-08-26 19:59:56.756818,152.9,12.25,16.61,330.1,7.8,127.7,London,MODERATE,5.6
2022-07-21 00:53:18.679201,186.7,25.27,53.91,399.5,65.4,196.9,London,Hazardous,32.2
2020-03-21 22:59:46.222884,1000.0,4.19,9.45,,2.9,0.5,Cairo,Unhealthy,36.4
2023-03-08 02:05:36.250316,,27.42,63.31,381.4,110.5,22.8,New York,Hazardous,14.5
2023-12-23 09:57:07.311465,61.1,1.73,2.66,481.9,10.9,17.6,New York,Unhealthy,-100.0
2020-04-17 10:19:02.182738,173.0,49.08,,390.0,32.1,9.1,New York,Unhealthy,20.3
2021-04-23 09:12:34.634063,12.7,51.68,123.49,443.3,2.6,20.3,Beijing,Good,7.7
2023-06-29 04:28:48.523085,12.0,47.34,78.86,377.4,72.3,25.2,Beijing,,32.5
2023-06-24 12:21:56.462884,245.5,13.37,24.39,409.8,1.0,129.8,New York,Hazardous,35.7
2021-01-17 10:56:14.596310,13.6,5.87,7.66,426.5,68.1,80.2,Los Angeles,Hazardous,35.9
2023-10-12 23:38:34.950781,45.1,999.0,2327.09,,25.4,17.2,Los Angeles,Good,
2021-06-27 12:16:37.569705,26.3,5.41,13.38,410.6,,85.8,London,Unhealthy,24.8
2022-11-05 22:52:27.922472,169.5,30.38,67.34,436.3,15.4,5.2,London,Good,38.0
2023-05-28 20:09:32.211387,18.9,35.25,76.11,424.8,,30.1,Beijing,MODERATE,14.2
2021-12-24 00:58:13.268664,87.2,24.52,41.4,395.1,7.0,154.5,New York,Moderate,17.1
,119.0,6.37,15.05,459.3,11.8,71.9,Cairo,MODERATE,50.5
2023-10-03 05:41:07.558951,112.3,45.65,80.09,,13.8,0.7,New York,good,17.2
2023-04-10 15:35:14.143264,2.0,30.72,50.46,439.1,13.9,52.0,Cairo,Unhealthy,39.2
2023-07-26 05:39:14.796204,13.9,1.88,2.7,432.0,17.4,52.0,Los Angeles,Very Unhealthy,28.4
2020-09-13 19:51:18.868113,50.1,3.92,5.84,453.5,5.4,3.1,Cairo,,16.2
2020-08-03 21:36:26.769034,69.9,3.84,7.16,357.7,11.4,18.0,Cairo,MODERATE,24.0
2021-10-04 06:19:38.097153,134.7,39.71,98.8,424.3,22.5,30.8,Sydney,Very Unhealthy,-100.0
2022-03-16 22:56:53.128306,90.4,52.95,81.97,408.7,,73.8,Cairo,Unhealthy,13.2
2022-12-17 22:19:56.552944,23.5,,57.78,402.9,,26.8,Los Angeles,MODERATE,16.1
2023-01-07 16:11:15.257589,110.0,8.49,14.73,354.4,45.6,22.8,Los Angeles,good,23.3
2020-06-27 01:23:37.116282,107.8,16.72,23.42,,9.5,49.9,Sydney,Very Unhealthy,8.2
2021-05-06 10:35:55.414487,131.6,2.58,3.44,418.9,19.2,39.0,Los Angeles,Very Unhealthy,30.9
2022-04-09 19:00:53.866266,-50.0,44.27,,422.7,33.6,,New York,MODERATE,32.6
2020-03-12 02:47:11.501126,46.1,23.31,50.3,405.0,4.7,27.4,Beijing,MODERATE,11.5
2022-07-22 13:35:13.789002,290.4,1.56,3.9,-100.0,36.8,65.5,Mumbai,Moderate,25.8
2023-05-28 09:33:31.224595,17.1,12.31,17.71,406.1,54.1,0.6,New York,Unhealthy,24.4
2022-08-07 00:11:51.618697,104.0,31.25,72.32,387.7,2.3,189.5,London,Good,22.5
2021-02-12 16:07:33.024746,14.3,21.48,,427.6,119.4,72.1,New York,Moderate,
2022-01-06 17:12:57.143433,79.7,32.63,50.35,396.1,7.4,61.1,New York,,37.0
2022-04-18 19:24:42.824668,22.4,12.88,20.0,450.8,40.8,,Cairo,Moderate,41.2
2023-05-20 07:21:21.679663,141.2,10.44,13.76,399.4,76.2,96.4,New York,Unhealthy,18.9
2023-11-26 00:31:06.316346,1.5,3.19,7.03,408.3,,40.5,,MODERATE,20.1
2022-05-23 13:23:07.191088,19.5,29.58,,422.7,21.0,1.1,New York,Unhealthy,16.5
2023-04-06 20:43:45.505736,34.4,8.22,11.91,380.5,66.9,27.3,London,Hazardous,21.3
,14.9,1.77,2.84,390.0,12.5,13.9,New York,Moderate,31.7
,85.8,94.0,137.63,419.4,170.8,39.7,,MODERATE,14.6
2023-12-18 06:57:00.798637,58.5,12.67,27.6,454.0,2.5,18.5,London,good,9.1
2023-01-31 02:08:27.820169,9.8,20.86,35.72,396.4,59.0,115.6,Cairo,,27.0
,134.8,9.69,21.99,411.3,15.4,14.6,Sydney,Good,14.0
2021-05-23 02:12:11.961529,171.0,5.45,7.49,438.5,33.5,11.8,Sydney,Unhealthy,17.3
2021-12-29 16:30:37.494919,218.0,37.82,51.86,441.0,,113.3,London,,23.0
,141.7,17.66,36.11,428.7,1.5,19.4,Los Angeles,Very Unhealthy,-100.0
2020-07-10 01:11:03.616918,63.7,1.72,4.11,384.0,11.2,14.8,Beijing,good,16.1
2021-04-16 09:46:35.682540,57.2,2.05,4.11,393.4,7.0,27.9,Mumbai,Hazardous,27.5
2023-02-07 23:20:42.902280,13.9,8.4,17.44,387.1,105.6,6.1,Mumbai,Hazardous,7.5
2020-05-27 09:50:32.452352,149.0,7.94,11.38,407.5,14.6,4.3,Mumbai,MODERATE,29.7
2023-05-22 17:15:06.552563,,5.96,7.29,408.8,89.4,71.9,Cairo,MODERATE,
2023-03-21 13:02:58.566671,5.3,24.18,52.94,,17.5,8.4,London,Unhealthy,28.0
2021-11-06 12:49:58.484746,5.6,6.32,10.68,410.0,23.7,181.9,,Moderate,16.2
2022-09-24 11:15:25.690379,14.2,24.46,43.17,438.4,22.6,16.5,New York,Very Unhealthy,4.2
2022-11-29 09:37:04.269836,113.9,7.95,18.61,,36.1,45.6,Toronto,Very Unhealthy,27.3
2021-11-12 12:23:38.726566,154.4,18.12,35.75,395.5,21.5,10.1,Los Angeles,Very Unhealthy,16.2
2020-01-23 20:36:15.133289,47.5,15.14,23.45,436.3,11.2,14.1,Sydney,Hazardous,29.3
2021-08-04 12:39:56.834196,22.3,24.62,53.3,,11.9,9.9,Cairo,Hazardous,18.5
2022-06-18 12:05:58.324955,377.3,31.13,77.78,417.8,999.0,118.8,Beijing,good,29.5
2021-05-20 17:44:41.811382,83.8,0.34,,,48.1,33.6,Sydney,Hazardous,9.8
2022-10-24 12:01:46.780866,39.4,15.44,29.24,386.0,10.7,16.7,New York,Hazardous,24.2
2021-03-11 21:47:59.409172,,13.02,28.13,362.0,23.5,11.0,Toronto,Unhealthy,27.9
2022-04-16 17:12:41.418453,98.8,6.18,9.78,431.1,25.9,59.8,Sydney,Good,
2022-06-14 16:37:14.149242,17.7,16.51,23.62,433.3,4.3,181.4,Beijing,Very Unhealthy,22.2
2020-12-28 05:01:39.708752,14.8,7.2,13.64,410.2,83.9,6.5,,Good,28.7
2020-12-30 16:22:58.814640,1.7,35.04,42.23,401.2,26.9,109.9,Toronto,Unhealthy,29.2
2021-09-06 03:34:15.689891,10.7,2.18,4.91,434.7,16.2,3.4,Los Angeles,Moderate,25.2
2021-11-28 13:15:17.714662,136.0,7.99,,428.6,78.7,63.7,Toronto,good,26.7
2022-09-05 15:03:29.322042,234.7,,7.73,422.2,38.2,150.9,,MODERATE,31.4
2022-10-26 23:42:30.022308,66.9,16.45,23.35,404.6,71.9,32.3,Toronto,Hazardous,13.4
2022-02-24 07:31:12.724587,91.2,999.0,2040.61,336.9,25.7,27.5,Beijing,Good,6.9
2020-03-17 16:32:53.412788,70.8,16.57,40.34,403.7,13.6,30.9,Los Angeles,good,18.4
2023-05-15 22:28:19.431234,46.2,,24.71,389.7,99.7,3.6,Beijing,Unhealthy,0.5
2020-11-24 12:44:16.152648,3.7,69.18,131.3,366.5,3.5,10.4,New York,,35.9
2022-11-22 17:05:33.788341,16.1,2.02,3.43,413.1,9.3,54.2,,Unhealthy,35.8
2020-08-11 13:20:03.581638,60.6,41.84,84.9,379.2,73.1,1.2,New York,good,
2023-12-27 20:49:55.572583,31.8,25.79,61.11,439.5,10.9,168.4,New York,MODERATE,21.7
2023-09-16 19:42:17.101949,138.9,34.24,62.95,435.4,67.8,104.8,Los Angeles,Moderate,41.7
2022-03-31 14:29:30.948274,2.4,2.1,2.88,389.5,,17.5,Toronto,Very Unhealthy,27.0
2020-02-20 20:11:27.372336,78.2,1.09,1.92,397.5,8.0,,Toronto,good,30.1
2020-03-28 12:47:26.112556,50.1,3.42,5.2,424.8,73.6,1.6,Sydney,Good,24.8
2020-12-28 09:31:22.590137,41.4,17.26,,371.5,78.4,15.5,London,Moderate,16.3
2023-09-26 05:54:22.775320,71.7,12.84,17.6,384.0,31.2,32.7,Mumbai,Hazardous,25.5
2022-03-19 06:12:31.316558,17.6,18.87,43.86,382.6,43.0,65.1,,MODERATE,19.5
2022-04-13 04:21:20.019759,97.6,4.24,6.65,419.2,999.0,30.0,London,Unhealthy,27.0
2023-09-14 22:39:21.481347,102.8,7.51,16.01,415.6,15.5,2.8,Sydney,Hazardous,24.1
2022-05-01 23:29:24.708681,95.3,18.92,33.44,399.2,31.3,58.2,Sydney,Moderate,29.3
2023-11-22 10:08:17.685008,32.3,12.99,27.96,468.0,24.3,23.7,Beijing,Moderate,26.4
2021-04-19 21:32:12.750414,92.4,8.38,16.48,408.1,14.0,69.9,Beijing,Moderate,9.0
2023-11-21 15:31:22.460875,73.7,4.3,9.45,381.7,37.6,51.0,Los Angeles,MODERATE,26.2
2020-12-26 03:56:49.085272,54.6,11.85,20.0,404.1,12.0,137.4,London,Moderate,17.3
2022-04-09 12:40:50.818684,9.5,5.04,8.94,,8.9,35.8,Cairo,good,1.9
2023-10-24 00:36:26.608133,4.3,12.02,29.38,432.4,125.6,216.0,Cairo,Good,14.2
2022-08-13 00:45:12.898618,165.7,6.79,9.09,386.0,44.8,143.3,Los Angeles,Very Unhealthy,4.3
2022-11-25 16:46:05.480105,25.2,38.55,59.69,327.4,3.9,59.7,Cairo,Hazardous,35.3
2021-03-24 05:51:27.273653,0.4,4.05,7.28,425.4,46.6,6.8,Cairo,good,37.4
2020-01-17 16:58:57.301623,45.2,123.26,229.17,398.2,10.5,45.8,Los Angeles,Good,10.7
2020-10-28 02:02:45.558801,54.6,9.85,15.46,471.8,23.3,16.4,Sydney,Moderate,16.0
2023-11-13 21:22:00.806076,,27.19,54.91,397.5,52.5,34.1,Cairo,MODERATE,30.6
2020-02-16 08:45:05.463191,40.5,1.78,4.15,419.1,117.3,19.4,Cairo,,22.6
2023-12-02 15:08:40.434958,50.8,7.01,8.63,442.1,0.1,137.8,Los Angeles,Very Unhealthy,16.2
2021-06-22 04:05:53.682480,43.6,63.5,79.01,399.9,11.2,8.9,Sydney,Very Unhealthy,-4.7
,83.0,61.44,131.78,404.1,43.9,6.8,London,Hazardous,33.7
2021-04-24 09:07:00.659253,24.6,17.21,26.54,436.7,15.9,148.9,New York,Very Unhealthy,
2021-02-26 14:44:01.169785,-50.0,11.44,21.68,440.7,38.9,45.2,,Very Unhealthy,21.9
2022-03-13 10:21:31.741945,2.1,24.29,57.75,411.9,30.1,15.8,,Very Unhealthy,13.7
2022-07-16 19:38:30.668711,68.0,19.94,26.94,424.2,38.9,185.5,Sydney,MODERATE,15.2
2020-05-26 21:30:23.548006,70.9,6.55,10.05,428.0,68.5,30.3,London,Unhealthy,26.5
2023-07-13 02:21:05.037748,263.0,19.46,38.92,415.8,32.4,0.7,Los Angeles,Good,11.4
2020-08-25 09:58:18.251864,289.8,26.67,39.12,452.8,32.8,8.3,Sydney,Moderate,36.3
2021-12-28 15:12:23.546205,52.5,19.29,47.99,413.4,1.1,70.9,Mumbai,Good,20.1
2022-03-06 10:25:52.923263,462.8,3.8,9.17,422.5,19.6,50.6,London,Hazardous,23.1
2022-07-26 03:56:01.402142,47.7,0.65,1.22,434.1,3.5,5.7,New York,Moderate,11.7
2021-01-09 15:57:05.601607,12.0,4.1,9.37,,1.4,5.8,New York,,43.5
2021-02-06 17:22:55.399470,355.8,13.21,19.72,400.9,30.5,0.9,Sydney,Moderate,-7.0
2021-12-22 14:32:42.384715,24.4,4.67,6.15,414.1,4.2,88.5,London,MODERATE,5.6
2020-11-15 02:23:06.492683,2.1,23.94,37.23,408.2,35.8,40.1,Sydney,good,8.9
2023-01-28 11:14:11.048738,24.0,13.31,19.07,426.6,36.5,9.1,London,Unhealthy,18.0
2020-09-13 09:33:13.171794,15.0,3.66,6.26,404.9,2.3,49.2,London,good,4.5
2021-11-14 18:40:48.879971,42.6,18.37,32.46,379.0,79.5,,Toronto,MODERATE,25.7
2021-06-19 04:56:29.691704,65.6,109.34,185.54,379.2,31.2,92.1,Toronto,Moderate,44.4
2021-09-21 14:03:04.695847,18.4,15.7,,416.3,28.4,2.8,Toronto,Very Unhealthy,19.6
2022-09-09 13:39:30.931142,88.3,25.78,36.73,389.0,15.5,46.0,London,,36.5
2022-01-30 05:15:20.880372,69.7,5.02,6.86,433.5,130.1,21.2,New York,Good,9.4
2023-12-31 09:48:02.233855,68.9,37.76,0.0,434.4,66.5,73.8,London,MODERATE,8.6
2022-12-08 15:58:48.728879,2.0,61.29,87.37,388.4,32.3,5.4,Cairo,Hazardous,23.5
2020-07-21 21:34:43.108151,37.7,16.3,32.01,438.6,22.2,10.1,Los Angeles,MODERATE,31.9
2022-02-23 02:31:27.959040,68.9,,2.15,455.9,48.0,261.4,Beijing,Unhealthy,17.5
2021-03-07 01:11:54.282763,148.5,20.29,28.4,377.9,19.1,0.6,Cairo,,14.6
,8.6,20.31,37.07,399.2,83.3,61.8,Toronto,Good,42.3
2020-08-09 05:47:08.284908,34.6,5.32,8.34,464.4,3.5,42.3,Beijing,Good,25.3
2021-11-18 12:39:26.735408,53.5,,9.46,384.7,,-5.0,Los Angeles,good,18.5
2023-05-30 23:30:03.765729,20.6,25.88,54.83,399.9,44.3,47.4,Beijing,Moderate,28.5
2021-07-29 11:50:23.219217,111.5,10.23,2000.0,396.0,11.3,14.1,Sydney,Unhealthy,6.3
2021-10-29 09:10:54.308500,112.3,49.75,85.54,412.4,56.7,64.2,Toronto,Moderate,16.6
2021-04-01 16:23:33.912940,98.1,10.32,18.47,426.2,14.2,74.1,Cairo,Hazardous,19.0
2022-11-14 01:26:34.383690,99.9,,81.24,436.5,6.5,3.6,Toronto,Unhealthy,8.8
2021-05-20 12:57:12.093247,,15.89,21.2,350.2,37.3,5.5,London,good,40.3
2022-02-25 20:41:46.740912,219.8,9.25,17.0,,45.6,31.6,Los Angeles,Hazardous,21.6
2022-10-09 03:14:16.276498,20.1,15.38,29.13,404.8,23.9,143.4,Sydney,Very Unhealthy,13.7
2021-05-30 13:54:48.224373,,45.89,72.46,424.1,9.0,13.4,Cairo,Hazardous,25.9
2022-10-09 22:20:16.450388,32.0,16.61,25.5,443.6,20.5,20.2,Los Angeles,Moderate,17.6
2022-04-24 00:01:05.868123,41.4,,4.45,376.4,0.1,35.3,Mumbai,Good,26.0
2020-12-27 13:07:40.127793,41.0,2.39,5.21,415.1,-10.0,24.4,Sydney,Very Unhealthy,38.2
2021-04-13 11:48:05.782102,23.6,6.74,12.7,412.4,2.4,13.1,London,good,23.4
2023-04-07 20:06:57.290829,80.9,96.52,174.4,427.0,81.0,48.6,London,Good,26.7
2020-02-08 22:21:21.029946,13.3,32.57,56.97,432.8,4.7,67.4,Beijing,Very Unhealthy,31.8
2021-02-28 08:25:54.442129,36.8,8.54,20.53,362.0,81.9,32.6,Beijing,Moderate,6.7
2022-02-12 12:58:52.630278,190.8,1.89,4.61,408.6,34.6,40.3,Beijing,Unhealthy,31.2
2021-08-31 15:11:56.336525,62.2,11.97,25.59,415.5,32.4,30.4,Mumbai,Moderate,33.9
2020-12-27 14:45:43.625146,1000.0,61.27,,403.4,19.7,0.0,Cairo,Unhealthy,24.6
2023-08-05 23:16:53.527758,13.5,0.42,0.94,438.8,10.7,2.7,Sydney,good,17.2
2022-02-18 09:52:25.088874,25.1,4.66,10.29,476.7,47.0,71.9,Beijing,Moderate,8.2
2023-01-24 04:53:55.625667,96.1,2.24,4.39,5000.0,24.7,46.5,Cairo,Very Unhealthy,35.5
2021-10-29 15:50:48.633700,222.0,111.41,250.82,461.6,39.3,92.5,Beijing,MODERATE,32.4
2021-05-22 14:07:13.924966,24.6,0.4,0.55,425.5,69.2,11.0,Los Angeles,good,17.7
2021-08-03 00:13:03.908979,125.5,2.04,4.2,400.7,4.1,19.7,London,MODERATE,31.4
2023-02-13 23:08:21.612431,9.4,17.41,23.45,413.0,14.2,22.2,Sydney,Very Unhealthy,15.8
2022-08-28 05:48:26.715621,125.1,6.42,,425.7,1.6,24.5,Sydney,Hazardous,
2021-03-18 10:14:31.158965,166.0,8.44,20.68,459.8,22.6,31.2,New York,Unhealthy,8.8
2022-11-19 06:29:55.746168,11.2,0.17,0.33,432.1,47.6,200.2,Toronto,Good,11.9
2022-03-26 08:45:01.166078,85.8,19.23,24.75,470.6,93.5,40.3,London,,25.2
,52.3,45.27,89.51,404.6,67.8,2.5,Cairo,Hazardous,41.7
2022-03-04 18:17:17.359590,78.0,12.59,16.1,,9.5,153.3,Los Angeles,Moderate,16.7
2023-03-20 03:35:41.174098,48.3,83.01,110.45,348.9,21.6,27.4,Beijing,good,13.2
2020-10-11 09:23:36.619407,46.4,3.93,6.43,407.2,11.0,147.6,,Very Unhealthy,9.8
2021-03-13 04:21:10.751086,-50.0,500.0,979.29,416.2,25.2,98.2,Cairo,Good,22.0
2022-06-24 10:24:58.622724,19.6,8.62,13.14,445.3,3.0,10.9,Los Angeles,Good,25.1
2023-01-11 09:21:44.478112,13.0,8.48,18.65,387.6,1.6,25.6,Cairo,Hazardous,25.1
2022-01-19 20:31:20.546480,39.0,16.48,32.7,361.0,114.3,11.5,Toronto,Good,30.0
2022-01-04 04:22:40.092610,203.1,8.27,10.45,455.0,2.2,32.7,Toronto,Good,17.5
2023-01-20 23:52:24.882873,5.8,11.7,18.35,352.4,110.1,8.8,New York,,29.2
2022-12-16 03:29:38.612950,73.7,64.03,134.73,413.9,3.7,1.4,,good,39.4
2023-02-01 21:02:59.249009,33.5,6.09,14.75,417.0,11.4,20.8,Sydney,Hazardous,25.0
2023-06-04 19:55:15.693040,,39.61,63.01,406.6,104.7,3.0,Los Angeles,good,25.3
